Gene,Allele,Conclusion,Tested
Cdon,tm1Rsk,B6_severe,Y
Cdon,tm2Rsk,B6_severe,Y
Shh,tm1Chng,No_change,Y
Shh,tm1Amc,No_change,Y
Shh,Ala,B6_subtle,N
Zic2,Ku,B6_het_sensitive,Y
Zic2,Kd,B6_het_subtle,N
Six3,tm4.1(cre/ERT2)Gco,B6_het_sensitive,Y
Six3,ki,B6_het_sensitive,Y
Cnot1,null,B6_het_sensitive,N
Tgif1,delta exon 3,B6_het_subtle,Y
Col2a1,tm1.1Ksec,B6_het_sensitive,N
Crkl,snoopy,No_change,Y
Fat1,tm1Cfc,B6_sensitive,Y
Gas1,tm1Fan,B6_severe,Y
Gli2,tm1Alj,B6_severe,Y
Lrp2,tm1Her,B6_severe,Y
Otx2,tm1Sia,B6_het_sensitive,N
Pgap1,bkr,B6_sensitive,Y
Twsg1,tm1.1Mboc,B6_sensitive,Y
Vax1,tm1Pgr,No_change,Y
