Category,GeneSymbol,MouseModel,GeneticBackground,HPE_Hallmarks,HPE_Subtype,BL6_Like_doc,BL6_Like_ref,Dosage
Minor,Cdon,Cdon^tm1Rsk/tm1Rsk,C57BL/6,Lateral Ventricle Fusion; Absent Olfactory Bulbs; Smooth Pointed Philtrum,4,2,3,0
Minor,Cdon,Cdon^tm2Rsk/tm2Rsk,C57BL/6,Lateral Ventricle Fusion; Absent Olfactory Bulbs; Smooth Pointed Philtrum,4,2,3,0
Minor,Cdon,Cdon^tm1Rsk/tm1Rsk,Mixed (C57BL/6;129/Sv),Premaxillary Agenesis; Flattened Upper Lip Groove; SMMCI; Cleft Primary Palate; Absent Nasal Septum,1,1,2,0
Minor,Cdon,Cdon^tm2Rsk/tm2Rsk,Mixed (C57BL/6;129/Sv),Premaxillary Agenesis; Flattened Upper Lip Groove; SMMCI; Cleft Primary Palate; Absent Nasal Septum,1,1,2,0
Minor,Cdon,Cdon^tm1Aok/tm1Aok,Mixed (C57BL/6;CD-1;129/Sv),SMMCI,1,1,1,0
Minor,Disp1,Disp1^-/-,N/A,EL (10.5 dpc),7,,,0
Minor,Fgfr1,Fgfr1^-/-,N/A (ES cells),EL (7.5 dpc),7,,,0
Major,Shh,Shh^tm1Chng/tm1Chng,ICR,Cyclopia with Proboscis; Lateral Ventricle Fusion; Smooth Pointed Philtrum,5,0,0,0
Major,Shh,Shh^tm1Chng/tm1Chng,C57BL/6,Cyclopia with Proboscis; Lateral Ventricle Fusion; Smooth Pointed Philtrum,5,2,2,0
Major,Shh,Shh^tm1Chng/tm1Chng,SWB,Cyclopia with Proboscis; Lateral Ventricle Fusion; Smooth Pointed Philtrum,5,0,0,0
Major,Shh,Shh^tm1Chng/tm1Chng,129/SvEv,Cyclopia with Proboscis; Lateral Ventricle Fusion; Smooth Pointed Philtrum,5,0,0,0
Major,Shh,Shh^tm1Chng/tm1Chng,Mixed (C57BL/6;129/Sv),Cyclopia with Proboscis; Lateral Ventricle Fusion; Smooth Pointed Philtrum,5,1,2,0
Major,Shh,Shh^tm1Amc/tm1Amc,C57BL/6,Cyclopia with Proboscis; Lateral Ventricle Fusion; Smooth Pointed Philtrum,5,2,2,0
Major,Shh,Shh^tm1Amc/tm1Amc,CD-1,Cyclopia with Proboscis; Lateral Ventricle Fusion; Smooth Pointed Philtrum,5,0,2,0
Major,Shh,Shh^tm1Amc/tm1Amc,Mixed (C57BL/6;CD-1),Monoventricle,4,1,2,0
Major,Shh,Shh^C25S/C25S,Mixed (C57BL/6;129/Sv;129/Ola;SWB) ,Cyclopia with Proboscis; Lateral Ventricle Fusion; Smooth Pointed Philtrum,5,1,2,2
Major,Shh,Shh^Ala/Ala,C57BL/6J,Reduced Olfactory Bulbs,0.5,2,3,2
Major,Shh,Shh^Ala/tm1Amc,C57BL/6J,Reduced Olfactory Bulbs,0.5,2,3,2
Major,Shh,Shh^SBE2/tm1Chng,C57BL/6J,Altered Skull Shape; Shortened Nasal Cavity; Fused/Absent Vomer Bone,1,2,3,0
Major,Zic2,Zic2^Ku/Ku,C3H/HeH,Cyclopia with Proboscis; Smooth Pointed Philtrum; Exencephaly; Hypotelorism; EL (13.5 dpc),"4,5",0,0,0
Major,Zic2,Zic2^Ku/Ku,C57BL/6J,EL (11.5 dpc),7,2,3,0
Major,Zic2,Zic2^iso/iso,C3H/HeH,Cyclopia; Complete/Partial Cerebral Hemisphere Fusion; Exencephaly; Hypotelorism; EL (15.5 dpc),"3,4",0,0,0
Major,Zic2,Zic2^A5/A5,C3H/HeH,Cyclopia; Complete/Partial Cerebral Hemisphere Fusion; Exencephaly; Hypotelorism; EL (15.5 dpc),"3,4",0,0,0
Major,Zic2,Zic2^A10/A10,C3H/HeH,Cyclopia; Complete/Partial Cerebral Hemisphere Fusion; Exencephaly; Hypotelorism; EL (15.5 dpc),4,0,0,0
Major,Zic2,Zic2^A17/A17,C3H/HeH,Cyclopia; Complete/Partial Cerebral Hemisphere Fusion; Exencephaly; Hypotelorism; EL (15.5 dpc),4,0,0,0
Major,Zic2,Zic2^A19/A19,C3H/HeH,Cyclopia; Complete/Partial Cerebral Hemisphere Fusion; Exencephaly; Hypotelorism; EL (15.5 dpc),"3,4",0,0,0
Major,Zic2,Zic2^kd/kd,C57BL/6,Partial Lateral Ventricle Fusion; Reduced Olfactory Bulbs,2,2,3,0
Major,Zic2,Zic2^Ku/+,C3H/HeH,Reduced Lateral Ventricles; EL (14.5 dpc),0.5,0,3,3
Major,Zic2,Zic2^Ku/+,C57BL/6N,Cyclopia; Complete/Partial Cerebral Hemisphere Fusion; Anterior Truncation;  EL ; Lateral Ventricle Fusion; Smooth Pointed Philtum; Reduced Lateral Ventricles; Narrow Snout,"2,3,4,5,6",2,3,3
Major,Zic2,Zic2^kd/+,C57BL/6J,Reduced Septum; Enlarged Lateral Ventricles,0.5,2,3,4
Major,Six3,Six3^-/-,N/A (ES cells),Anterior Truncation; Perinatal Lethality,6,,,0
Major,Six3,Six3^tm4.1(cre/ERT2)Gco/+,C57BL/6,Fused Ventral Midline; Absent Corpus Callosum; Absent Septum,3,2,3,3
Major,Six3,Six3^tm4.1(cre/ERT2)Gco/+,NMRI,None,0,0,0,3
Major,Six3,Six3^ki/ki,C57BL/6,Atelencephaly,6,2,3,0
Major,Six3,Six3^ki/+,C57BL/6,Fused Ventral Midline; Absent Corpus Callosum; Absent Septum; Reduced Nasal Septum,3,2,3,3
Major,Six3,Six3^ki/+,NMRI,None,0,0,0,3
Major,Six3,Six3^neo/neo,NMRI,Fused Ventral Midline; Absent Corpus Callosum; Absent Septum; Reduced Nasal Septum,3,0,0,1
Major,Six3,Six3^neo/-,NMRI,Fused Ventral Midline; Holosphere; Monoventricle; Absent Nasal Septum; Postnatal Lethality,4,0,0,0
Major,Fgf8,Fgf8^-/-,Mixed (CD-1;129/Sv),EL (10.5 dpc),7,0,0,0
Major,Fgf8,Fgf8^neo/neo,Mixed (CD-1;129/Sv),Absent Corpus Callosum; Absent Olfactory Bulbs; Altered Nasal Septum; Perinatal Lethality,2,0,0,1
Major,Fgf8,Fgf8^neo/-,Mixed (CD-1;129/Sv),Fused Ventral Midline; Fused Anterior Cerebral Hemispheres; Partial Lateral Ventricle Fusion; Absent Olfactory Bulbs; Midfacial Cleft,3,0,0,0
Major,Fgf8,Fgf8^flox/flox: Foxg1-Cre,Mixed (CD-1;129/Sv),Fused Ventral Midline; Absent Septum; Absent Olfactory Bulbs,2,0,0,2
Minor,Cnot1,Cnot1^-/-,C57BL/6N,Midfacial cleft,1,2,3,0
Minor,Cnot1,Cnot1^+/-,C57BL/6N,Midfacial cleft,1,2,3,3
Minor,Disp1,Disp1^tm1Pab/tm1Pab,N/A (ES cells),EL (9.5 dpc),7,,,0
Minor,Disp1,Disp1^tm1Ptch/tm1Ptch,N/A (ES cells),EL (9.5 dpc),7,,,0
Minor,Kmt2d,Kmt2d^-/-,N/A (ES cells),EL (9.5 dpc),7,,,0
Minor,Ppp1r12a,Ppp1r12a^-/-,Mixed (C57BL/6;129/Sv),EL (7.5 dpc),7,1,2,0
Minor,Rad21,Rad21^-/-,C57BL/6J,EL (8.5 dpc),7,2,3,0
Minor,Smc3,Smc3^-/-,C57BL/6,EL (14.5 dpc),6,2,3,0
Minor,Smc3,Smc3^+/-,C57BL/6,Postnatal Lethality,0,2,3,3
Minor,Smc3,Smc3^flox/flox: Wnt1-Cre,C57BL/6J,Midfacial Cleft,1,2,3,2
Minor,Smc3,Smc3^flox/flox: Nestin-Cre,C57BL/6J,Enlarged Lateral Ventricles,0.5,2,3,2
Minor,Stag2,Stag2^-/-,C57BL/6,EL (9.5 dpc),7,2,3,0
Minor,Stil,Stil^-/-,N/A,EL (10.5 dpc),7,0,0,0
Minor,Tgif1,Tgif1^exon3/exon3,C57BL/6J,Exencephaly; EL,0.5,2,3,0
Minor,Tgif1,Tgif1^exon3/exon3,Mixed (C57BL/6;129/Sv),None,0,1,2,0
Minor,Tgif1,Tgif1^exon3/-,C57BL/6J,Exencephaly; EL,0.5,2,3,3
Minor,Tgif1,Tgif1^exon3/-,Mixed (C57BL/6;129/Sv),None,0,1,2,3
Mouse Only,Col2a1,Col2a1^-/-,C57BL/6,Cyclopia and Proboscis,5,2,3,0
Mouse Only,Col2a1,Col2a1^+/-,C57BL/6,Cyclopia,5,2,3,3
Mouse Only,Cripto,Cripto3^loxP/null,C57BL/6,Anterior Truncation; Cyclopia and Proboscis,"5,6",2,3,2
Mouse Only,Crkl,Crkl^snoopy/snoopy,C57BL/6J,Cyclopia and Proboscis; Monoventricle; Smooth Pointed Philtrum; Hypotelorism,"4,5",2,3,0
Mouse Only,Crkl,Crkl^snoopy/snoopy,Mixed (C3H/HeH;C57BL/6J),Cyclopia and Proboscis; Monoventricle; Smooth Pointed Philtrum; Hypotelorism,"4,5",1,2,0
Mouse Only,Dync2i1,Dync2i1^-/-,FVB/NJ,Monoventricle; EL (14.5 dpc),4,0,0,0
Mouse Only,Fat1,Fat1^-/-,C57BL/6,Cyclopia and Proboscis; Postnatal Lethality,5,2,3,0
Mouse Only,Fat1,Fat1^-/-,129/Sv,Microphthalmia/Anophthalmia; Postnatal Lethality,0.5,0,0,0
Mouse Only,Foxp4,Foxp4^Neo/Neo,C57BL/6,Cyclopia and Proboscis; Smooth Pointed Philtrum,"4,5",2,3,1
Mouse Only,Foxp4,Foxp4^Neo/Neo,Mixed (129/Sv;C57BL/6),EL (12.5 dpc),7,1,2,1
Mouse Only,Gas1,Gas1^tm2Fan/tm2Fan,C57BL/6J,Microphthalmia; Truncated Maxilla; Reduced Parietal Bone,1,2,3,0
Mouse Only,Gas1,Gas1^tm1Fan/tm1Fan,Mixed (129/Sv;C57BL/6),Cleft Secondary Palate (Bilateral); Single Premaxillary Incisor; SMMCI; Reduced Nasal Septum; Microphthalmia; Coloboma; Prenatal Lethality,1,1,2,0
Mouse Only,Gas1,Gas1^tm2Fan/tm2Fan,Mixed (129/Sv;CD-1;C57BL/6),Cleft Secondary Palate (Bilateral); Single Premaxillary Incisor; SMMCI; Reduced Nasal Septum; Microphthalmia; Coloboma; Prenatal Lethality,1,1,1,0
Mouse Only,Gas1,Gas1^tm1Fan/tm1Fan,Mixed (CD-1;129/Sv),None,0,0,1,0
Mouse Only,Gli2,Gli2^-/-,C57BL/6J,Fused Ventral Midline; Smooth Pointed Philtrum,3,2,3,0
Mouse Only,Gli2,Gli2^-/-,Mixed (CD-1:129/Sv F1),Cleft Secondary Palate; EL (18 dpc),0,0,0,0
Mouse Only,Hhat,Hhat^Creface/Creface,CD-1,Monoventricle; Fused Ventral Midline; Microphthalmia; Smooth Pointed Philtrum,4,0,0,0
Mouse Only,Hic1,Hic1^-/-,Mixed (129/Sv;C57BL/6),Cyclopia and Proboscis; Anophthalmia/Microphthalmia; Exencephaly; Cleft Secondary Palate; Perinatal Lethality,5,1,2,0
Mouse Only,Ift172,Ift172^-/-,Mixed (129/Sv;C57BL/6),Proboscis; Exencephaly,5,1,2,0
Mouse Only,Katnb1,Katnb1^-/-,C57BL/6,Proboscis; Monoventricle; EL (15.5 dpc); Microphthalmia/Anophthalmia; Neuronal Heterotopia,5,2,3,0
Mouse Only,Lrp2,Lrp2^tm1Her/tm1Her,C57BL/6N,Holosphere; Monoventricle; Absent Anterior Commissure; Absent Corpus Callosum; Absent Olfactory Bulbs; Perinatal Lethality,4,2,3,0
Mouse Only,Lrp2,Lrp2^tm1Her/tm1Her,Mixed (C57BL/6N;129/SvEMS-Ter),Complete/Partial Lateral Ventricle Fusion; Absent Corpus Callosum; Absent Olfactory Bulbs; Enlarged Lateral Ventricles; Exencephaly; Perinatal Lethality,"3,4",1,2,0
Mouse Only,Lrp2,Lrp2^tm1Her/tm1Her,FVB/NJ,Reduced Olfactory Bulbs,0.5,0,0,0
Mouse Only,Lrp2,Lrp2^27SH/27SH,Mixed (129;A/J;C57BL/6N),Partially Fused Lateral Ventricles; Corticofugal Axon Defect; Fused Ventral Midline; Absent Nasal Septum; Cleft Palate,3,1,2,0
Mouse Only,Lrp2,Lrp2^267/267,Mixed (C57BL/6J;FVB/NJ),Reduced Third Ventricle; Reduced Olfactory Bulbs; Enlarged Lateral Ventricles; Shortened Snout,2,1,2,0
Mouse Only,Lrp2,Lrp2^267/-,C57BL/6N Crl,Reduced NSC progenitors,0,2,3,0
Mouse Only,Lrp2,Lrp2^267/-,Mixed (C57BL/6J;FVB/NJ),Shortened Snout,0.5,1,2,0
Mouse Only,Lrp2,Lrp2^lox/lox: Foxg1-Cre,N/A (ES cells),Absent Corpus Callosum,2,,,2
Mouse Only,Mks1,Mks^-/-,C57BL/6,Absent Septum; Smooth Pointed Philtrum; Anophthalmia,6,2,3,0
Mouse Only,Nosip,Nosip^-/-,C57BL/6J,Partial/Complete Lateral Ventricle Fusion; Fused Ventral Midline; Reduced Olfactory Bulbs; Smooth Pointed Philtrum; Midfacial Cleft; Perinatal Lethality,"3,4,6",2,3,0
Mouse Only,Otx2,Otx2^+/-,C57BL/6,Anterior Truncation; Ethmocephaly; Exencephaly; Cleft Palate; Agnathia,6,2,3,3
Mouse Only,Otx2,Otx2^+/-,CBA/J,None,0,0,0,3
Mouse Only,Pgap1,Pgap1^bkr/bkr,C57BL/6J,Anterior Truncation,6,2,3,0
Mouse Only,Pgap1,Pgap1^bkr/bkr,Mixed (129/Sv;C57BL/6J),Fused Lateral Ventricles; Microphthalmia,3,1,2,0
Mouse Only,Pgap1,Pgap1^bkr/bkr,129/Sv1mJ,None,0,0,0,0
Mouse Only,Prdm15,Prdm15^-/-,C57BL/6N,Fused Ventral Midline; Partial Lateral Ventricle Fusion; EL (12.5 dpc),3,2,3,0
Mouse Only,Smad2,Smad2^hSmad3ki/hSmad3ki,ICR,Anterior Truncation; Smooth Pointed Philtrum,"4,6",0,0,2
Mouse Only,Tctn3,Tctn3^-/-,Mixed (129/SvE;C57BL/6;SW),Monoventricle,4,1,1,0
Mouse Only,Tmem67,Tmem67^-/-,C57BL/6J,Fused Ventral Midline; Absent Anterior Commissure; Absent Corpus Callosum,3,2,3,0
Mouse Only,Twsg1,Twsg1^-/-,C57BL/6,Perinatal Lethality; Cyclopia and Proboscis; Absent Nasal Septum,5,2,3,0
Mouse Only,Twsg1,Twsg1^-/-,129/SvEv,Perinatal Lethality,0,0,0,0
Mouse Only,Wdr11,Wdr11^-/-,C57BL/6,Anterior Truncation; Fused Ventral Midline; Absent Olfactory Bulbs; Partially Fused Lateral Ventricles; Smooth Pointed Philtrum; Microphthalmia/Anophthalmia,"3,4,6",2,3,0
Mouse Only,Vax1,Vax1^-/-,Mixed (129/NMRI),Partially Fused Lateral Ventricles; Absent Corpus Callosum; Absent Septum; Cleft Palate; Single Maxillary Incisor; EL; SMMCI; Absent Nasal Septum,2,0,0,0
Mouse Only,Vax1,Vax1^-/-,Mixed (129/C57BL/6),Partially Fused Lateral Ventricles; Absent Corpus Callosum; Absent Septum; Cleft Palate; Single Maxillary Incisor; EL; SMMCI; Absent Nasal Septum,2,1,2,0
